#No of rows lightened (2D detector)1(if not using 2D detector, value is 1 and can be ignored!)
raw_x,raw_y,corrected x,data-bg,sum_components,bg,sum_fit,bg_shirley_,C_1,C_2,C_3,C_4,C_5,C_6,C_7,C_8
470.0,366.0,470.6318,365.99964764249984,142.9338623673021,0.00035235750016076526,142.93421472480227,0.00035235750016076526,11.654423585751097,9.590287525043474,12.20554064181459,27.981257119074545,55.8458107588983,12.36497684384821,9.196621152156196,4.094944740715699
469.9,458.0,470.5318,457.9996478816354,145.67215160333706,0.00035211836461873023,145.67250372170167,0.00035211836461873023,11.863112629480817,9.733835151900232,12.374227391899637,28.33966291339841,57.03216265139633,12.649994040558484,9.441535597723485,4.237621226979652
469.79999999999995,322.0,470.43179999999995,321.9996481808815,148.49522833149015,0.0003518191185032876,148.49558015060865,0.0003518191185032876,12.077451122181104,9.88062669187291,12.546433036209002,28.704994295506374,58.25659249099202,12.94494679835846,9.696324622898121,4.38785927347214
469.70000000000005,415.0,470.33180000000004,414.9996483912685,151.40685900578006,0.0003516087314963606,151.40721061451157,0.0003516087314963606,12.297644595008009,10.030760526108596,12.722256065229981,29.077430726755807,59.52074163887503,13.25030069927238,9.96152398929736,4.546200765232926
469.6,354.0,470.2318,353.9996486624195,154.41103503914687,0.000351337580540228,154.41138637672742,0.000351337580540228,12.523908000293865,10.184338789873156,12.901798437061569,29.45715751506541,60.82634053086931,13.566548819234363,10.237706128830078,4.713236817919148
469.5,329.0,470.1318,328.9996488937145,157.51199016502218,0.0003511062855077679,157.5123412713077,0.0003511062855077679,12.756466233915846,10.341467545587914,13.085165724847888,29.84436604480683,62.17521451941439,13.894213692156889,10.525483182982589,4.889613221309841
469.4,363.0,470.0318,362.99964910867516,160.71421948416824,0.0003508913248702555,160.7145703754931,0.0003508913248702555,12.995554691729991,10.50225696523472,13.27246727157364,30.23925401730778,63.569290165691804,14.23384943900276,10.825510338620576,5.076036595006963
469.29999999999995,299.0,469.93179999999995,298.99964934585057,164.02250039808467,0.0003506541494556142,164.02285105223413,0.0003506541494556142,13.24141986262576,10.666821522710206,13.463816352641238,30.642025702523892,65.0106020217813,14.586044077821958,11.138489493651804,5.273281364328518
469.20000000000005,316.0,469.83180000000004,315.9996495412099,167.44191565936,0.00035045879009203915,167.4422661181501,0.00035045879009203915,13.494319960979496,10.835280196754496,13.659330346680619,31.05289220247756,66.50129994676341,14.951422032473014,11.465173290155752,5.482197683075676
469.1,313.0,469.7318,312.99964974767664,170.977878803306,0.0003502523233398996,170.97822905562933,0.0003502523233398996,13.754525601524254,11.007756685124189,13.859130915072477,31.472071727098232,68.04365700514067,15.33064685971577,11.806369557450338,5.703720452180032
469.0,213.0,469.6318,212.9996499521833,174.63616226500474,0.00035004781671515387,174.63651231282145,0.00035004781671515387,14.022320519909254,11.184379630723503,14.063344190692682,31.899789883128957,69.64007800087086,15.724424216564932,12.162946213126666,5.938879609987883
468.9,206.0,469.5318,205.99965009135232,178.42292853301464,0.00034990864767019906,178.42327844166232,0.00034990864767019906,14.29800234252007,11.365282860465907,14.272100976427577,32.33627997681969,71.29310870588711,16.133505092297497,12.535836676481455,6.188811902115319
468.79999999999995,140.0,469.43179999999995,139.99965022594773,182.34476474639854,0.0003497740522558296,182.3451145204508,0.0003497740522558296,14.581883409435749,11.550605637687806,14.485536954038347,32.781783331156966,73.00544584807861,16.558689332298243,12.926045856100659,6.454774377602152
468.70000000000005,217.0,469.33180000000004,216.99965031742036,186.40872120775774,0.00034968257964412223,186.40907089033738,0.00034968257964412223,14.874291654751845,11.740492929000158,14.703792903996462,33.23654961843464,74.77994793061326,17.00082948410288,13.334656781799172,6.738159905059295
468.6,211.0,469.2318,210.9996504592029,190.62235436352893,0.0003495407970959758,190.62270390432602,0.0003495407970959758,15.175571548880228,11.935095686529476,14.927014936954459,33.70083720902194,76.61964696216515,17.46083499957916,13.76283796085943,7.040515059539068
468.5,212.0,469.1318,211.9996505970652,194.99377489670528,0.0003494029348026168,194.99412429964008,0.0003494029348026168,15.486085107849911,12.134571146566278,15.155354737556763,34.174913537227056,78.52776118615803,17.939676831228713,14.211851549751556,7.363560800366981
468.4,223.0,469.0318,222.99965073558087,199.53170169021942,0.00034926441913345983,199.53205095463855,0.00034926441913345983,15.806212975108052,12.339083145723276,15.388969821352747,34.6590554852318,80.50770890681707,18.43839246520439,14.683062445555613,7.709216445226484
468.29999999999995,146.0,468.93179999999995,145.99965088128366,204.24552255528926,0.00034911871633052597,204.2458716740056,0.00034911871633052597,16.13635558181941,12.548802455781386,15.628023805618236,35.153549786114496,82.56312352051462,18.958091438836625,15.177948416393532,8.079627550210962
468.20000000000005,195.0,468.83180000000004,194.99965097667655,209.1453627842002,0.00034902332346403123,209.14571180752364,0.00034902332346403123,16.4769343922335,12.763907138496156,15.87268669495324,35.658693447055875,84.69786987299932,19.499961396403545,15.698111407740399,8.477198434318154
468.1,161.0,468.7318,160.99965110408482,214.24216278796672,0.0003488959151834388,214.2425116838819,0.0003488959151834388,16.828393241312448,12.984582921735532,16.123135182585138,36.17479419389308,86.916062076625,20.065274743635744,16.245290181928812,8.904630246250989
468.0,107.0,468.6318,106.99965120927833,219.54776632502353,0.0003487907216799753,219.54811511574522,0.0003487907216799753,17.19119977249502,13.211023598421283,16.379552968366873,36.70217093825129,89.2220829368223,20.65539596913935,16.8213744720075,9.364965669519878
467.9,87.0,468.5318,86.99965127918954,225.075021129445,0.00034872081046959894,225.07536985025547,0.00034872081046959894,17.565846984249728,13.443431449870939,16.642131094540737,37.24115426858426,91.6206051541641,21.271789709746862,17.428420859043523,9.86164160924485
467.79999999999995,117.0,468.43179999999995,116.99965133603322,230.83789412029836,0.0003486639667751808,230.83824278426513,0.0003486639667751808,17.95285489490409,13.68201769525425,16.911068300405518,37.79208696652138,94.11661448739969,21.91602964685937,18.06867061465243,10.398551514301605
467.70000000000005,0.0,468.33180000000004,-0.0003485875218068253,236.85160383744332,0.0003485875218068253,236.85195242496513,0.0003485875218068253,18.352772336184703,13.927002969020164,17.18657139711354,38.35532455002502,96.71543508432084,22.589808332406903,18.74456978899076,10.980119379381406
467.6,104.40320051027902,468.2318,104.40285192275721,243.1327733279705,0.0003485875218068253,243.13312191549232,0.0003485875218068253,18.76617888694868,14.17861782829993,17.468855663914283,38.93123584496259,99.4227572113834,23.29494805631995,19.458791869716084,11.611387966425605
467.5,78.10805083379,468.1318,78.10770231448272,249.6996074341235,0.0003485193072823875,249.6999559534308,0.0003485193072823875,19.19368695973947,14.43710329244895,17.7581452672523,39.520203586792995,102.24466763992463,24.033412882650797,20.214263390843115,12.298124414471236
467.4,22.496581442249408,468.0318,22.496232973976035,256.5720993515371,0.00034846827337235096,256.57244781981046,0.00034846827337235096,19.63594405411068,14.702711417077328,18.054673704243637,40.122625054206644,105.18768297715438,24.807321999098935,21.01419293369009,13.046947211955366
467.29999999999995,63.829970741152465,467.93179999999995,63.82962228757781,263.7722724920018,0.0003484535746505008,263.7726209455764,0.0003484535746505008,20.093635192088087,14.975705905103212,18.358684272158058,40.73891273666035,108.25878626384463,25.618964544978315,21.86210403710162,13.865479540067506
467.20000000000005,59.30551449990617,467.83180000000004,59.30516608803647,271.3244651743818,0.0003484118696924373,271.32481358625154,0.0003484118696924373,20.567485552759656,15.256362757580277,18.670430565664685,41.36949503789697,111.46546719856073,26.470816106174937,22.761872623369143,14.762535332375457
467.1,59.76536091633352,467.7318,59.76501254321261,279.2556675816664,0.0003483731209045804,279.2560159547873,0.0003483731209045804,21.058263324783248,15.544970967282492,18.990177003732995,42.01481701768506,114.81576639056675,27.365557092880493,23.71776965265319,15.74834613208217
467.0,104.39935774669539,467.6318,104.39900941262373,287.5959228977451,0.0003483340716642043,287.59627123181673,0.0003483340716642043,21.566782797604578,15.84183325827633,19.318199388220222,42.67534117415606,118.31832409060935,28.306093247499337,24.7345098458671,16.834839095512102
466.9,89.14682448040821,467.5318,89.14647621454856,296.37880775936134,0.00034826585965053527,296.379156025221,0.00034826585965053527,22.093907714451927,16.147266874999172,19.65478549634669,43.35154826931135,121.98243390139005,29.295578566973106,25.817307468456885,18.03597946743217
466.79999999999995,100.88070232325208,467.43179999999995,100.88035411563881,305.6420113758987,0.0003482076132729593,305.64235958351196,0.0003482076132729593,22.640554912685637,16.461604424655697,20.00023570942093,44.04393820042821,125.81810202768796,30.337440966663813,26.971940350689607,19.36819478366679
466.70000000000005,125.75596302826489,467.33180000000004,125.75561488656463,315.4280382240247,0.0003481417002635851,315.428386365725,0.0003481417002635851,23.207698279931986,16.78519477708399,20.354863680370443,44.753030920305235,129.83611269075504,31.43541106312673,28.204823540880298,20.850903271570985
466.6,217.07998016842976,467.2318,217.0796321088954,325.7850665803467,0.0003480595343608997,325.7854146398811,0.0003480595343608997,23.796373057627793,17.11840402660966,20.718997042838712,45.4793674095015,134.04810040301885,32.59355451186536,29.52309425481278,22.507175874072068
466.5,171.58097144948624,467.1318,171.5806235317867,336.7680049485521,0.00034791769955564686,336.7683528662517,0.00034791769955564686,24.407680527187225,17.461616520801424,21.092978164823116,46.22351070393724,138.46662987777788,33.81630840510464,30.93471010790768,24.364570641012946
466.4,250.209909039565,467.0318,250.2095612339723,348.4398015354815,0.0003478055927015199,348.4401493410742,0.0003478055927015199,25.04279311808342,17.815235961497187,21.477164950084642,46.98604698150132,143.10528443536953,35.108522315794694,32.44856300961287,26.45619076353779
466.29999999999995,198.9445234479599,466.93179999999995,198.94417580584832,360.87307950644896,0.0003476421116025561,360.87342714856055,0.0003476421116025561,25.70295998169811,18.179686583943862,21.871931690811042,47.7675867115519,147.97876386220952,36.475504669675225,34.07461157812076,28.822034428438553
466.20000000000005,158.32427964741782,466.83180000000004,158.32393213529176,374.15219437804876,0.0003475121260658085,374.1525418901748,0.0003475121260658085,26.389513079988305,18.555414420438712,22.277669975311372,48.56876587150448,153.10299278332366,37.92307524030576,35.824035518330845,31.510727488845575
466.1,271.9861192359258,466.7318,271.985771827245,388.3758416431418,0.00034740868081326547,388.3761890518226,0.00034740868081326547,27.10387384389145,18.942888655452062,22.694789654835983,49.39024723501904,158.49524072285197,39.4576246958875,37.709416122260535,34.581760712943236
466.0,254.01752186297108,466.6318,254.0171746319994,403.66038514267456,0.0003472309716655892,403.6607323736462,0.0003472309716655892,27.8475604630346,19.342603079856644,23.123719873951575,50.2327217366215,164.1742551512165,41.08618228568361,39.74494793059731,38.108394621712804
465.9,270.0414141245883,466.5318,270.04106705958554,420.1441327505228,0.0003470650027645589,420.14447981552553,0.0003470650027645589,28.62219587590764,19.755077652625616,23.564910169294798,51.09690991800054,170.16040895357156,42.8164929431738,41.94668767667404,42.1814495612748
465.79999999999995,275.1469071301144,466.43179999999995,275.14656024155016,437.9928583105262,0.0003468885642401366,437.9932051990904,0.0003468885642401366,29.429516538244364,20.180860179145295,24.018831641925118,51.98356346159176,176.47586390222483,44.6571053088583,44.33284796925654,46.914269309279966
465.70000000000005,358.59438777482774,466.33180000000004,358.59404106603785,457.40695809499,0.000346708789910148,457.4073048037799,0.000346708789910148,30.271382057186663,20.620528116181436,24.48597820896038,52.893466817518664,183.14475187812144,46.61747244578742,46.92414482037245,52.44923375086149
465.6,562.1502625942303,466.2318,562.1499161197373,478.6307303719897,0.0003464744930159096,478.63107684648276,0.0003464744930159096,31.149785790014935,21.0746905145182,24.966867940676224,53.82743893043983,190.19337576476624,48.708067344804,49.74421016585002,58.96629392092027
465.5,484.19118665532733,466.1318,484.1908405481297,501.9643546460533,0.0003461071976395418,501.96470075325095,0.0003461071976395418,32.0668665190275,21.543990111366465,25.46204448978617,54.78633507334799,197.65043213463883,50.94051570579412,52.820083054348686,66.69408755774357
465.4,399.6043657006321,466.0318,399.6040199097933,527.7791575403135,0.0003457908388366199,527.7795033311523,0.0003457908388366199,33.02492132887134,22.029105585862872,25.972078620237777,55.771048795971616,205.54725806727802,53.32774895049077,56.182796312017764,75.9241998795833
465.29999999999995,585.4084412736211,465.93179999999995,585.408095743874,556.5365235285924,0.000345529747015332,556.5368690583394,0.000345529747015332,34.02641982945188,22.530753992306284,26.497569843502532,56.78251399600785,213.9181046834094,55.88418098902766,59.86807936432341,87.02890083056342
465.20000000000005,708.4050914941017,465.83180000000004,708.4047463468464,588.8099657358352,0.0003451472553079117,588.8103108830906,0.0003451472553079117,35.07401988695426,23.049693387282222,27.039148171074114,57.821707122109885,222.8004402576967,58.62591294868247,63.91720267936182,100.48184128267373
465.1,836.370947734622,465.7318,836.3706030502213,625.3075855796529,0.00034468440056601335,625.3079302640535,0.00034468440056601335,36.170585047847304,23.58672566849172,27.597475992692036,58.88964951828697,232.23528609120459,61.57097090602403,68.37799517471596,116.87889718039037
465.0,852.8948168564311,465.6318,852.8944727184951,666.8866831103198,0.00034413793603068856,666.8870272482559,0.00034413793603068856,37.31920386650283,24.14269964494658,28.173250090678657,59.98740992015136,242.26758869334074,64.73958267646748,73.30607310009512,136.95087511813708
464.9,821.3607171334579,465.5318,821.3603735527827,714.5402887707189,0.00034358067519919176,714.5406323513942,0.00034358067519919176,38.52321137693274,24.71851436028795,28.767203801775093,61.11610711436617,252.94663225531528,68.15450094974064,78.76632755252112,161.54779135977995
464.79999999999995,874.9116454190571,465.43179999999995,874.9113023750391,769.3114638228029,0.00034304401798526283,769.3118068668209,0.00034304401798526283,39.78621298367884,25.31512269328481,29.380109338918583,62.27691277356319,264.3264959074065,71.84138156677797,84.83472800832219,191.55050055085084
464.70000000000005,813.4319531686397,465.33180000000004,813.4316106962677,832.0503672327754,0.0003424723718908365,832.0507097051474,0.0003424723718908365,41.112111087075235,25.93353526217736,30.012780286608944,63.471054480072524,276.46656086093515,75.82922757655854,91.6005109937756,227.6245866855721
464.6,940.2044186978346,465.2318,940.2040767569395,902.8813405488017,0.00034194089513938953,902.8816824896969,0.00034194089513938953,42.50513480485723,26.57482466244294,30.666074284834,64.69981895295773,289.43207326498475,80.15091196760741,99.1688357995314,269.6836668115864
464.5,1049.8900749588647,465.1318,1049.8897336322764,980.2634038334661,0.0003413265883271244,980.2637451600544,0.0003413265883271244,43.96987320660727,27.24013007081581,31.340895917973786,65.96455549408056,303.2947694842068,84.84379473268046,107.66400173622525,315.94538319087616
464.4,1065.057909838657,465.0318,1065.0575691980414,1059.81076244037,0.0003406406155616805,1059.8111030809855,0.0003406406155616805,45.51131254136745,27.930662252089355,32.038199826754195,67.2666796703527,318.1335715590968,89.95045331103336,117.2333311320698,361.7465521476062
464.29999999999995,1169.6884005127185,464.93179999999995,1169.688060567986,1133.8245490486763,0.0003399447325000193,1133.8248889934089,0.0003399447325000193,47.13487801346497,28.64770900933849,32.7589940631011,68.60767725080039,334.0353618756988,95.51954959599654,128.05182369941875,399.0685555408574
464.20000000000005,1163.6998419316524,464.83180000000004,1163.699502751166,1193.2587481060339,0.00033918048640802845,1193.2590872865203,0.00033918048640802845,48.84648074947906,29.39264112287157,33.50434370976845,69.9891084187676,351.09584758455605,101.60686175527327,140.327670815082,418.49579395023585
464.1,1131.5640487988585,464.7318,1131.5637103787053,1232.5246830649885,0.0003384201530952787,1232.5250214851417,0.0003384201530952787,50.652570702769424,30.166918828479098,34.27537478885069,71.41261228142,369.4205271016515,108.276515265253,154.3086638560578,414.01150024050713
464.0,1146.3612949666194,464.6318,1146.360957285803,1253.5779451693159,0.0003376808165320086,1253.5782828501324,0.0003376808165320086,52.56019636416005,30.972098891469884,35.073278485765044,72.87991170070522,389.1257731246108,115.60245499716709,170.28940526610842,387.07482633932943
463.9,1345.986631595617,464.5318,1345.9862946638052,1264.8777476878251,0.0003369318118062167,1264.8780846196369,0.0003369318118062167,54.577072292156416,31.809842339738516,35.89931571809978,74.39281847220984,410.34004902103374,123.67020908996084,188.61897532580707,345.5694654288188
463.79999999999995,1301.2099869727735,464.43179999999995,1301.2096509203968,1276.4339010320418,0.0003360523767168219,1276.4342370844186,0.0003360523767168219,56.71165564782659,32.681922926698824,36.75482208180304,75.95323888075926,433.2052781778277,132.57900582313397,209.7082204401325,298.83975705385996
463.70000000000005,1267.128796901041,464.33180000000004,1267.1284616988432,1295.8693640999322,0.0003352021976033352,1295.86969930213,0.0003352021976033352,58.97323312409315,33.59023640358588,37.641213210679005,77.56317966435773,457.87838888538505,142.44431674486262,234.03494263493485,253.74385343203394
463.6,1346.2214390491044,464.2318,1346.2211046748182,1327.5426003979962,0.00033437428631460535,1327.5429347722825,0.00033437428631460535,61.37201990346848,34.5368106904662,38.559990589053186,79.22475442106926,484.533060433232,153.40091260202593,262.1437211869059,213.77133057177525
463.5,1363.6869846141653,464.1318,1363.6866511194676,1373.4514664212406,0.00033349469780770316,1373.4517999159384,0.00033349469780770316,63.919272570768506,35.52381704647524,39.512747861814496,80.94019049673186,513.3616990574508,165.60653227189988,294.63450516914804,179.95270194695183
463.4,1563.993556393616,464.0318,1563.9932237899184,1434.3619707924415,0.0003326036977360316,1434.3623033961392,0.0003326036977360316,66.62741825886906,36.55358235261417,40.50117769097976,82.71183639514157,544.5776747551799,179.24627696182765,332.13002038475855,152.01398399307067
463.29999999999995,1406.4653362582976,463.93179999999995,1406.4650046764755,1510.5375574786246,0.00033158182219819696,1510.5378890604468,0.00033158182219819696,69.51020272898272,37.62860263499869,41.527079213404626,84.54216975636542,578.4178510059259,194.5378485619338,375.206127328345,129.16767624866844
463.20000000000005,1564.940774232684,463.83180000000004,1564.940443569812,1602.0322606355737,0.00033066287178688656,1602.0325912984456,0.00033066287178688656,72.58286059897921,38.751557973180354,42.592366160491466,86.43380595341056,615.1454378804016,211.7377449821495,424.2621119484353,110.52637513852578
463.1,1742.7147926279176,463.7318,1742.7144629875402,1708.6589425359603,0.0003296403773598405,1708.6592721763377,0.0003296403773598405,75.86231155432243,39.925328957318065,43.69907570774526,88.38950736251783,655.053192895657,231.14849351639367,479.30264645098123,95.27838609102459
463.0,1892.7548142413434,463.6318,1892.7544857396138,1829.7269517170496,0.0003285017296916778,1829.7272802187792,0.0003285017296916778,79.36738713202358,41.153014879952536,44.84937812990606,90.41219336790758,698.466980167469,253.12692272979842,539.6087417819848,82.74233352800745
462.9,2029.9039475759255,463.5318,2029.903620310876,1963.629117136192,0.000327265049504675,1963.6294444012415,0.000327265049504675,83.1190935914151,42.43795387350008,46.045587346364435,92.50495116812425,745.749672036592,278.0933043096557,603.3095495755275,72.36900523501303
462.79999999999995,2012.5155916947206,463.43179999999995,2012.515265755961,2107.41086191979,0.00032593875939324713,2107.4111878585495,0.00032593875939324713,87.14091751725162,43.7837452337257,47.290172451642235,94.67104745800638,797.30533081425,306.5408715071695,666.9546163516143,63.72416058613062
462.70000000000005,2196.7716715269607,463.33180000000004,2196.7713469031305,2256.579941244087,0.0003246238304127175,2256.580265867917,0.0003246238304127175,91.45918219335313,45.19427420319823,48.58577033722132,96.91394106812304,853.5835299043393,339.0446291447319,725.3314477509665,56.46716664215329
462.5999999999999,2371.413800251209,463.2317999999999,2371.413477062696,2405.5304347238043,0.0003231885129690077,2405.5307579123173,0.0003231885129690077,96.10346450514268,46.673739527760105,49.935199524040826,99.23729665220091,915.0835453659097,376.2673340131086,771.8986354699233,50.33121966571795
462.5,2542.390694242753,463.1318,2542.390372603664,2548.8507986617365,0.000321639088585094,2548.851120300825,0.000321639088585094,101.10708426223786,48.22668414425945,51.34147533977335,101.64499952270933,982.3579436743881,418.95877334969884,800.1069604626496,45.10687790602026
462.4000000000001,2604.2668563608295,463.0318000000001,2604.2665363828773,2683.274804026781,0.0003199779520366444,2683.2751240047332,0.0003199779520366444,106.50768048807659,49.85802941049912,52.80782659198369,104.14117174581318,1056.0147679196302,467.9416244613549,805.3746990239671,40.62900438545644
462.29999999999995,2654.576274186895,462.93179999999995,2654.5759559105077,2809.3383221626564,0.00031827638710139926,2809.3386404390435,0.00031827638710139926,112.34789254279606,51.57311334948938,54.33771390744173,106.73018961889596,1136.717021934713,524.0727945023579,786.7929377319709,36.766658574991055
462.20000000000005,2960.260523695283,462.83180000000004,2960.260207153332,2931.653666475478,0.0003165419512101396,2931.6539830174293,0.0003165419512101396,118.67616811324261,53.37773345170744,55.9348499300106,109.41670266772533,1225.177381415942,588.1629117462096,747.4925607697639,33.41535838087612
462.0999999999999,3114.721834858952,462.7317999999999,3114.7215202511634,3057.519308786538,0.000314607788628449,3057.519623394327,0.000314607788628449,125.54772535789695,55.27819466275286,57.60322159481265,112.20565431577124,1322.1448990439403,660.8290237340628,693.4194091836424,30.49118089365901
462.0,3277.4079552718513,462.6318,3277.4076426991464,3194.6435569478285,0.0003125727047643306,3194.6438695205334,0.0003125727047643306,133.02570314618274,57.28136328175741,59.34711472524394,115.10230439534304,1428.3787534338983,742.2492037427419,631.3328497306911,27.926264491969775
461.9000000000001,3516.646290022947,462.5318000000001,3516.645979591621,3349.045449502627,0.00031043132572647857,3349.045759933953,0.00031043132572647857,141.18254179183373,59.39472761145578,61.17114123294203,118.11225369013289,1544.6016266738416,831.7901737933005,567.1276144279624,25.6653702811583
461.79999999999995,3789.8637060525843,462.43179999999995,3789.8633979189503,3523.6679591481516,0.00030813363415076796,3523.6682672817856,0.00030813363415076796,150.10164748370485,61.62646633648051,63.08026923900825,121.24147072053788,1671.4219095199899,927.5058606764018,505.027092918214,23.663242253814676
461.70000000000005,3842.3389325544276,462.33180000000004,3842.338626896999,3717.6579801651883,0.00030565742892785605,3717.658285822617,0.00030565742892785605,159.87940747721163,63.98552576709431,65.07985647922341,124.4963210083645,1809.2096139544808,1025.579484553447,447.5452007776693,21.88257014769729
461.5999999999999,3899.236552109245,462.2317999999999,3899.2362489623074,3926.1340035734593,0.00030314693766195797,3926.134306720397,0.00030314693766195797,170.62764096258536,66.48170727567806,67.17568740725346,127.88359908588237,1957.9060915021846,1119.9200530297621,395.8468159125596,20.292408397553857
461.5,4252.719041359027,462.1318,4252.718740759756,4140.481514701461,0.0003005992708684841,4140.481815300732,0.0003005992708684841,182.47659361566167,69.12576647880512,69.37401446905885,131.41056354608256,2116.744032614826,1202.2880592927672,350.1955429970191,18.866941687239596
461.4000000000001,4216.426504068475,462.0318000000001,4216.426206247827,4349.409062591082,0.0002978206471715494,4349.40936041173,0.0002978206471715494,195.57861381485301,71.92952598674071,71.68160409091924,135.08497546792833,2283.8557001174017,1263.3629922673526,310.3311356320346,17.584515213851795
461.29999999999995,4347.500006637021,461.93179999999995,4347.499711571285,4540.807877172458,0.00029506573614012516,4540.808172238194,0.00029506573614012516,210.1126875533905,74.90600386272152,74.10578800346906,138.91514059154878,2455.76185404839,1294.845290232653,275.7342446471965,16.426868233088676
461.20000000000005,4600.055065616389,461.83180000000004,4600.0547733912035,4703.837725339837,0.0002922251848543753,4703.838017565022,0.0002922251848543753,226.29006007433472,78.06956031865126,76.65452061787622,142.90995566595734,2626.774543525894,1291.9694702540912,245.79109027390112,15.378524609130723
461.0999999999999,4963.990985289789,461.7317999999999,4963.990696070169,4830.14016487388,0.00028921962020544864,4830.1404540935,0.00028921962020544864,244.36123897845002,81.43606563507873,79.33644327970576,147.07895944600318,2788.4301422156577,1255.1849623119501,219.8860476684683,14.426305338565298
461.0,4964.333732943647,461.6318,4964.333446967378,4913.4404905894835,0.00028597626863461733,4913.4407765657525,0.00028597626863461733,264.62476087920925,85.0230928485029,82.16095635397926,151.43238887681085,2929.201672484781,1189.9906493494213,197.44803340588768,13.558936390891088
460.9000000000001,4855.256553055318,461.5318000000001,4855.256270322625,4948.061203097023,0.0002827326931207642,4948.061485829717,0.0002827326931207642,287.4382177736685,88.85013942038916,85.13830024580146,155.9812410753393,3034.8887949486007,1105.0281578878787,177.9696202777014,12.766731467644277
460.79999999999995,4847.729051072058,461.43179999999995,4847.728771511672,4927.936175209235,0.0002795603859963544,4927.936454769621,0.0002795603859963544,313.2321876336615,92.9388829148945,88.27964663786013,160.73734179954224,3090.1351204180382,1009.56047220909,161.01118961191372,12.041333984235541
460.70000000000005,4657.437581023143,461.33180000000004,4657.437304630146,4847.522801937932,0.00027639299715955906,4847.523078330929,0.00027639299715955906,342.5279047013027,97.31347670082226,91.59720143554918,165.7134211894604,3081.2788597877056,911.5188753009664,146.19755669375144,11.37550612837353
460.5999999999999,4818.0314200405755,461.2317999999999,4818.031146690635,4704.643126009276,0.00027334994016384244,4704.643399359216,0.00027334994016384244,375.9597464845832,102.00089289858977,95.10432115814346,170.92319767237328,3000.0702403799974,816.6104580443002,133.21131382799027,10.762955543298364
460.5,4582.335217068692,461.1318,4582.3349468667375,4503.742502017917,0.0002702019550404184,4503.742772219872,0.0002702019550404184,414.3039101800786,107.03132126724864,98.81564480808778,176.38147104810932,2846.917119343579,728.3096576548121,121.78518547584775,10.198192240153487
460.4000000000001,4360.87349053091,461.0318000000001,4360.873223322942,4257.448508510495,0.00026720796811167545,4257.448775718463,0.00026720796811167545,458.5149921031912,112.43863453737255,102.7472436006311,182.10422591507313,2631.9636320789796,648.308816371815,111.69455398218761,9.676409921245142
460.29999999999995,4064.4115659183553,460.93179999999995,4064.4113015596763,3985.194191275056,0.00026435867891521557,3985.194455633735,0.00026435867891521557,509.77252893446274,118.26093292481586,106.91679135303725,188.10874676360555,2373.1142542812063,577.076871051545,102.75067885348533,9.193387112898263
460.20000000000005,3704.414425635021,460.83180000000004,3704.41416393193,3709.47477911245,0.0002617030907652995,3709.475040815541,0.0002617030907652995,569.5397969463265,124.54118331648313,111.34375883249842,194.41374625724666,2091.7542331845766,514.341864496675,94.79479162838545,8.745404450258043
460.0999999999999,3452.052381457059,460.7317999999999,3452.052122174343,3451.622885636075,0.0002592827160341612,3451.623144918791,0.0002592827160341612,639.6370285360745,131.32797203687048,116.04963596178177,201.03950844777845,1808.1052977940135,459.4411922477682,87.6930754197237,8.329175192064145
460.0,3177.6560197806466,460.6318,3177.655762753418,3228.883486132317,0.00025702722855499985,3228.8837431595457,0.00025702722855499985,722.3301069087485,138.67639435620202,121.05818650372322,208.00804893212955,1537.9878312787532,411.548673366737,81.33245816612815,7.94178661989561
459.9000000000001,2991.480951761676,460.5318000000001,2991.480696810651,3053.4574211975,0.00025495102501759244,3053.457676148525,0.00025495102501759244,820.4325015030845,146.64910921100335,126.39574071908918,215.34329426709897,1291.6301356706892,369.80887111261995,75.61711828366244,7.580650430251788
459.79999999999995,2863.091047838735,460.43179999999995,2863.0907948422714,2933.1182916362004,0.0002529964637638028,2933.118544632664,0.0002529964637638028,937.4101949704276,155.31759425716083,132.0915325498415,223.07128331684308,1074.1093914648745,333.40923807059454,70.46559641938191,7.243460587075574
459.70000000000005,2881.2755355152603,460.33180000000004,2881.275284389471,2872.5795811737835,0.0002511257893659325,2872.579832299573,0.0002511257893659325,1077.4617342248164,164.76364473117417,138.17808916713707,231.2203936310894,886.6053925665835,301.61375547852134,65.808413986611,6.928157387850627
459.5999999999999,2852.4188074847043,460.2317999999999,2852.4185582414707,2874.881593740026,0.00024924323366391684,2874.8818429832595,0.00024924323366391684,1245.509364951047,175.0811701232925,144.69168229425975,239.82159644951932,727.7845219444962,273.7742503046309,61.58611094830248,6.632896724476968
459.5,3015.0788217970075,460.1318,3015.0785744174755,2942.3100062410485,0.00024737953224960327,2942.3102536205806,0.00024737953224960327,1446.96788578075,186.37835596512016,151.67285263835007,248.9087445141452,594.9488661348921,249.32964927183272,57.74762823284544,6.35602370311264
459.4000000000001,3079.6162625732304,460.0318000000001,3079.6160171636775,3076.4926212474434,0.00024540955271865045,3076.4928666569963,0.00024540955271865045,1687.0372901828748,198.7802748723422,159.16702113123202,258.5188975670993,484.84478849773484,227.7993266109776,54.24897245065057,6.096049934532358
459.29999999999995,3293.2279027237055,459.93179999999995,3293.2276593262995,3277.2822053765717,0.0002433974059858353,3277.2824487739776,0.0002433974059858353,1969.0903252448718,212.43205232884125,167.22520359839626,268.6926912342251,394.1641204994341,208.77406705284073,51.05211149211757,5.851633925845385
459.20000000000005,3617.9184419278563,459.83180000000004,3617.9182006821657,3539.927047974592,0.000241245690577194,3539.9272892202825,0.000241245690577194,2291.574828357671,227.5027197806119,175.90484909268943,279.47475597566563,319.8177169616361,191.9065547892111,48.124058915851194,5.6215641012560775
459.0999999999999,3927.05680011623,459.7317999999999,3927.0565612344,3850.217017869979,0.0002388818302284264,3850.217256751809,0.0002388818302284264,2643.0390263625745,244.18992194291306,185.27082662829196,290.9141939539095,259.05984044745634,176.90235164706937,45.43611282922033,5.404744058544199
459.0,4243.611557260649,459.6318,4243.611320944662,4178.529987573582,0.00023631598635821287,4178.530223889568,0.00023631598635821287,2996.1436684793425,262.7256886487748,195.39659066846644,303.0651230674813,209.5237256767504,163.51178991950076,42.96322138064877,5.20017973261684
458.9000000000001,4435.128464556541,459.5318000000001,4435.128231013227,4476.729181724173,0.00023354331327096796,4476.729415267487,0.00023354331327096796,3304.5703201493434,283.3835362175966,206.36556276753933,315.98729907771974,169.20913087175737,151.52291223082838,40.683452218816555,5.0069681905726355
458.79999999999995,4488.591473390086,459.43179999999995,4488.591242744578,4685.128959730452,0.00023064550767160533,4685.12919037596,0.00023064550767160533,3510.017671308583,306.48723148017535,218.27277563938708,329.74682877377813,136.44717719136534,140.75543998752173,38.57754752310175,4.824287826540444
458.70000000000005,4595.6745038900535,459.33180000000004,4595.674276177283,4753.728626135842,0.00022771277063618746,4753.728853848613,0.00022771277063618746,3563.4704666556545,332.4216353345419,231.22683714647394,344.41698955884635,109.85707644504275,131.05568158855138,36.628549645966494,4.651389760765072
458.5999999999999,4712.62273315084,459.2317999999999,4712.6225084407715,4667.749323873019,0.0002247100681402741,4667.749548583088,0.0002247100681402741,3450.7678204961458,361.6461430079089,245.3522859550352,360.07917379146926,88.30255991274703,122.29226524874363,34.821485183484874,4.487590277485352
458.5,4585.531791723179,459.1318,4585.531570092224,4456.086549599998,0.00022163095450175328,4456.086771230953,0.00022163095450175328,3201.079074380351,394.7113531658614,260.79242877819314,376.82397979896115,70.85177376991014,114.35257801438125,33.14309753113766,4.332264161203336
458.4000000000001,4185.4047579725975,459.0318000000001,4185.404539337718,4174.34811542842,0.00021863487900849484,4174.348334063299,0.00021863487900849484,2869.954766953139,432.2797192549518,277.71277241268047,394.7524758498416,56.74212191027863,107.13980044384716,31.581619791845036,4.1848388118370545
458.29999999999995,3862.485351089369,458.93179999999995,3862.485135189132,3878.5987386333636,0.0002159002368351785,3878.5989545336006,0.0002159002368351785,2513.0727014261106,475.15104203572173,296.3051937167599,413.97766871183836,45.350323384992734,100.57043895377967,30.126581367366512,4.044789036794258
458.20000000000005,3833.2057674100406,458.83180000000004,3833.205554033458,3609.084511169186,0.00021337658238699514,3609.0847245457685,0.00021337658238699514,2169.9516566736916,524.2937031948059,316.7930293394711,434.626214976681,36.167360280052684,94.57227152182254,28.76864274994635,3.911632432715122
458.0999999999999,3541.687275872554,458.7317999999999,3541.6870650004953,3387.8121916800114,0.00021087205851016072,3387.81240255207,0.00021087205851016072,1861.507276896761,580.8824148204316,339.4373171098661,456.8404214025961,28.77774661001949,89.08263556457858,27.499453993717264,3.784925282041053
458.0,3227.830853401596,458.6318,3227.83064484359,3223.4365383170534,0.00020855800576034006,3223.4367468750593,0.00020855800576034006,1594.9034168203855,646.3427676358987,364.544486116486,480.7805904940414,22.84248661510688,84.04699860646966,26.31153312860426,3.6642589000614105
457.9000000000001,3133.3976345438823,458.5318000000001,3133.3974280948632,3117.179324513067,0.00020644901920098058,3117.179530962086,0.00020644901920098058,1369.4237510832854,722.4016172081726,392.4758773744718,506.62777990414037,18.08511857832293,79.41776256976439,25.198161417953482,3.549256376955838
457.79999999999995,3098.4648098120797,458.43179999999995,3098.464605410347,3067.1758431132603,0.00020440173302134148,3067.176047514993,0.00020440173302134148,1180.7631313791462,811.1396340752713,423.6595877306575,534.5870596282257,14.280306586060314,75.15326116353505,24.153292883452163,3.439569666911821
457.70000000000005,2972.9121974954014,458.33180000000004,2972.91199511813,3071.0171110631654,0.00020237727110393474,3071.0173134404367,0.00020237727110393474,1023.5158110047769,915.0368652486483,458.6052742099097,564.8913701737214,11.244520432153555,71.21691706227969,23.17147594886473,3.3348769828117675
457.5999999999999,3103.378561896352,458.2317999999999,3103.37836146151,3127.0048662694307,0.00020043484222478008,3127.005066704273,0.00020043484222478008,892.3967199356834,1036.9916759904172,497.9227442675358,597.8061089753991,8.82841970733953,67.57653152658877,22.247785405996733,3.2348804604701336
457.5,3258.949589993381,458.1318,3258.9493915862113,3234.6217201344584,0.0001984071697806845,3234.621918541628,0.0001984071697806845,782.7359516796894,1180.2743871595076,542.3454012809314,633.6346026128213,6.9106261278487535,64.2036840161499,21.377763196406505,3.1393040611029055
457.4000000000001,3364.5291701340857,458.0318000000001,3364.5289738562346,3394.5073052982425,0.00019627785099197442,3394.5075015760935,0.00019627785099197442,690.6072410038457,1348.3443682650834,592.7599272232956,672.7246606153408,5.392626410150898,61.0732233538231,20.557366741978395,3.047891684724093
457.29999999999995,3580.3499843087047,457.93179999999995,3580.3497902291556,3608.0236165811048,0.00019407954906084686,3608.023810660654,0.00019407954906084686,612.7935948031397,1544.4088280589285,650.24397764656,715.476455027175,4.194596543365389,58.16283527503033,19.782923756268318,2.960405470637274
457.20000000000005,3878.1543962555643,457.83180000000004,3878.154204515329,3876.328236348172,0.0001917402350330524,3876.3284280884072,0.0001917402350330524,546.6932148547331,1770.536479164359,716.1141421359167,762.3520313456966,3.2519780799937483,55.452673869747386,19.051092633563083,2.876624264162803
457.0999999999999,4050.7755708902314,457.7317999999999,4050.7753816838886,4198.771750235614,0.00018920634280998106,4198.771939441956,0.00018920634280998106,490.21364692268367,2026.0914143330285,791.9869685421107,813.8868346441075,2.5126693053149656,52.92504660686218,18.35882765018944,2.796342231315578
457.0,4359.254733623859,457.6318,4359.254547064194,4570.478742040071,0.00018655966408919673,4570.478928599735,0.00018655966408919673,441.67404322746745,2305.3229933064104,879.8563906341892,870.7037344038099,1.9347201213488148,50.56414441384305,17.703348327622113,2.719367605381079
456.9000000000001,4789.58715380751,457.5318000000001,4789.5869700960775,4979.359979239123,0.00018371143254932267,4979.360162950556,0.00018371143254932267,399.72208458248525,2594.348604840387,982.191246886268,933.5301588861786,1.4844403466649074,48.35580974273238,17.082112403149775,2.6455215512566954
456.79999999999995,5051.593354931966,457.43179999999995,5051.593174349934,5403.774532183033,0.00018058203222104459,5403.7747127650655,0.00018058203222104459,363.2662231305734,2868.7432921726772,1102.0562908186898,1003.2191123599196,1.1348478825798953,46.28733674864868,16.492791934832546,2.5746371351118325
456.70000000000005,5421.038191860943,457.33180000000004,5421.0380145795,5813.4229315580415,0.00017728144338204947,5813.4231088394845,0.00017728144338204947,331.4216149009415,3094.3165481634096,1243.2582070807969,1080.77505554595,0.8643966555644458,44.34729868747288,15.933252135533534,2.506558388372091
456.5999999999999,5859.603528109061,457.2317999999999,5859.603354369592,6176.348578485231,0.00017373946822794222,6176.3487522247,0.00017373946822794222,303.46746233653005,3233.9585670071447,1410.5126512684326,1167.3858922947404,0.6559350877301737,42.525398446043106,15.401532588305525,2.44113945630488
456.5,6313.615959959167,457.1318,6313.615790048222,6471.766202023987,0.00016991094509732815,6471.766371934932,0.00016991094509732815,278.81353242652784,3260.2925869924247,1609.6151789697194,1264.4626358743737,0.4958546109992841,40.812338783233635,14.895830544108728,2.378243822599693
456.4000000000001,6801.265046667286,457.0318000000001,6801.264880881505,6702.3002553148335,0.0001657857812317931,6702.300421100615,0.0001657857812317931,256.97391293147115,3167.761959359404,1847.5703118495483,1373.6887372650185,0.37339485366146596,39.199709409398494,14.414486044033007,2.3177436022993056
456.29999999999995,7127.05560105136,456.93179999999995,7127.055439709361,6896.713237108959,0.00016134199925513004,6896.713398450958,0.00016134199925513004,237.54642084801662,2975.3350700071155,2132.5747433728543,1497.081548926692,0.28007792776293344,37.67988848686554,13.955968643355387,2.2595188962981694
456.20000000000005,7514.6010272305075,456.83180000000004,7514.600870545154,7100.696512662556,0.00015668535361504468,7100.69666934791,0.00015668535361504468,220.19640415798818,2717.6137335769113,2473.639896977394,1637.0689496958405,0.20924899671018912,36.24595651172499,13.518865544620878,2.203457201366372
456.0999999999999,7994.496471423436,456.7317999999999,7994.49631964794,7362.289352783016,0.00015177549517290332,7362.289504558511,0.00015177549517290332,204.64395401600328,2431.3145902006854,2879.447479682947,1796.584679976965,0.1557042120959874,34.891620851526035,13.10187097247879,2.1494528703153315
456.0,8265.29104704251,456.6318,8265.290900490425,7719.64246861921,0.00014655208466199903,7719.642615171295,0.00014655208466199903,190.65376688137636,2145.5206209231424,3355.754197279639,1979.1861604571877,0.11539033958315639,33.61114947587361,12.703776644903124,2.097406617504757
455.9000000000001,8768.073141308636,456.5318000000001,8768.073000156892,8193.025866365731,0.00014115174352917996,8193.026007517476,0.00014115174352917996,178.02707056632818,1878.5286278191625,3900.417229106507,2189.197774884761,0.08516307336602907,32.399312636087565,12.323463214124912,2.047225065394054
455.79999999999995,9263.711089309072,456.43179999999995,9263.710953886175,8778.385046478656,0.00013542289674434496,8778.385181901553,0.00013542289674434496,166.5951631072382,1639.256478265676,4495.381714613172,2431.879052895365,0.06259326794688215,31.251331434175544,11.959892566780866,1.998820328299514
455.70000000000005,9548.362479978672,456.33180000000004,9548.36235060846,9440.693200038295,0.0001293702121197607,9440.693329408507,0.0001293702121197607,156.2142169146472,1430.2248120427696,5096.874250228529,2713.607065785481,0.04581217448930322,30.162832375827826,11.61210088663556,1.9521096299133347
455.5999999999999,9985.802555724506,456.2317999999999,9985.802432592962,10111.216963132141,0.00012313154316567155,10111.217086263685,0.00012313154316567155,146.76107984103527,1250.3034212267855,5629.764987530088,3042.0380717345365,0.03338832059660419,29.1298071323821,11.279192395225147,1.9070149514945571
455.5,10372.425124692345,456.1318,10372.425008085283,10699.41694994731,0.00011660706145305421,10699.417066554372,0.00011660706145305421,138.12986530275356,1096.638044325949,5997.490494347577,3426.1619427517994,0.024229968337509903,28.14857684677042,10.960333696164906,1.8634627079595383
455.4000000000001,10573.316646901494,456.0318000000001,10573.316537071525,11127.044720610418,0.00010982996991094741,11127.044830440387,0.00010982996991094741,130.2291698533608,965.8038651509792,6115.236669909325,3876.0656150107193,0.017508167438901774,27.215760411419243,10.654748657802733,1.821383449372554
455.29999999999995,11192.37477813844,455.93179999999995,11192.37467521682,11370.460267423723,0.00010292162071022397,11370.460370345343,0.00010292162071022397,122.97979205923168,854.4139377336007,5952.522640314673,4402.060629405626,0.012596323059535343,26.328246225197205,10.36171377674245,1.780711585591081
455.20000000000005,11583.333549651077,455.83180000000004,11583.333454042284,11476.666415287007,9.560879390905095e-05,11476.6665108958,9.560879390905095e-05,116.31285377608202,759.3961008037079,5551.037577006903,5012.605754644331,0.009022948841126912,25.483167003587926,10.080553971515753,1.7413851320376081
455.0999999999999,11727.358404079287,455.7317999999999,11727.358316038762,11535.245453794954,8.804052410859102e-05,11535.245541835478,8.804052410859102e-05,110.16824594198877,678.0875838099857,5000.563305800645,5710.228021832696,0.0064348997561381825,24.677877273521588,9.81063876159382,1.7033454747673178
455.0,11942.771391420392,455.6318,11942.771311042241,11628.27961878751,8.037815195395018e-05,11628.279699165661,8.037815195395018e-05,104.49333727617538,608.2382371624343,4395.818736166183,6484.596890108531,0.004568895634699755,23.909933233263246,9.551378792109567,1.6665371531801838
454.9000000000001,11975.14130526489,455.5318000000001,11975.141232689855,11790.655721399342,7.257503416682516e-05,11790.655793974376,7.257503416682516e-05,99.24189692416844,547.973289126669,3806.9015873072103,7302.42551344167,0.003229572107229433,23.177074699505077,9.302222669136029,1.6309076588786575
454.79999999999995,11784.901532719923,455.43179999999995,11784.901467969157,11991.606036266463,6.475076666141373e-05,11991.606101017229,6.475076666141373e-05,94.37319196961872,495.7422486101299,3272.7526638710897,8095.5993889466645,0.002272645471120132,22.4772088998179,9.062654074350661,1.5964072493180321
454.70000000000005,11808.016330939416,455.33180000000004,11808.01627388862,12133.021221753317,5.705079721918306e-05,12133.021278804114,5.705079721918306e-05,89.85122847946353,450.26688452211965,2808.1524232726165,8752.545519609346,0.0015920639830835064,21.80839589941042,8.832189131357376,1.5629887750198896
454.5999999999999,11503.042602495058,455.2317999999999,11503.042553159332,12063.976757853014,4.9335725127222205e-05,12063.97680718874,4.9335725127222205e-05,85.64411085074465,410.493899213573,2413.4807267625683,9123.047093779382,0.0011102507989922488,21.168835477730884,8.610373998983784,1.5306075192327504
454.5,11292.076336742284,455.1318,11292.076294922368,11619.669952881944,4.1819915488425256e-05,11619.66999470186,4.1819915488425256e-05,81.72349905429049,375.55419962782605,2082.2353333929627,9049.70329106264,0.0007707321917880199,20.556855293436467,8.396782669567838,1.4992210490286229
454.4000000000001,10723.097959485749,455.0318000000001,10723.097925043803,10688.657794029557,3.444194610184659e-05,10688.657828471503,3.444194610184659e-05,78.06414720429947,344.72890069100794,1805.5516299221556,8430.681879390198,0.0005325964018378493,19.970900196005736,8.19101495257983,1.4687890769117258
454.29999999999995,9878.66103525722,454.93179999999995,9878.661007821487,9285.921236851817,2.74357334165014e-05,9285.92126428755,2.74357334165014e-05,74.64350994254305,317.4214383951103,1574.5004697124957,7290.513961934009,0.0003663499839721414,19.4095225595341,7.992694626037822,1.43927333210239
454.20000000000005,8254.691234167709,454.83180000000004,8254.691213186454,7579.035031381207,2.098125538030862e-05,7579.035052362462,2.098125538030862e-05,71.44140557631125,293.1349180081216,1381.0681050382082,5805.306873213446,0.0002508352782492717,18.871373529111693,7.801467739998154,1.4106374407309599
454.0999999999999,6096.113402567835,454.7317999999999,6096.113386979995,5828.751688134922,1.558783990868431e-05,5828.751703722762,1.558783990868431e-05,68.43972688067588,271.4538082906809,1218.452879648389,4243.050059410503,0.0001709492409853519,18.355195083153568,7.617001058034311,1.3828468142438899
454.0,4145.666701215183,454.6318,4145.666689610396,4275.839202040866,1.1604786950132225e-05,4275.839213645653,1.1604786950132225e-05,65.62219206802362,252.02917832963934,1081.0471644203153,2850.485889262866,0.00011596416983823258,17.85981282638783,7.438980624077805,1.3558685453871957
453.9000000000001,2601.7248268070425,454.5318000000001,2601.724817910934,3055.6673860371457,8.896108661357194e-06,3055.6673949332544,8.896108661357194e-06,62.97412971823231,234.56679188553412,964.2963427389924,1767.8491322039242,7.829803154854173e-05,17.384129437994318,7.2671104432534825,1.3296713111837277
453.79999999999995,1747.5214221342212,454.43179999999995,1747.5214149380165,2186.821578832207,7.196204626700115e-06,2186.8215860284113,7.196204626700115e-06,60.48229251377035,218.81749347096348,864.5264109570113,1017.6628740147291,5.2618786763657394e-05,16.92711870806554,7.10111126650577,1.3042252823739868
453.70000000000005,1298.284187762305,454.33180000000004,1298.2841817078886,1612.6515686188511,6.054416423148506e-06,1612.6515746732675,6.054416423148506e-06,58.134695481835514,204.5694275744147,778.7796967251348,546.4596720303008,3.5195461446147654e-05,16.487820103058876,6.940719469811989,1.279502038832955
453.5999999999999,858.614032639885,454.2317999999999,858.6140274337359,1251.1200931781145,5.2061489560554884e-06,1251.1200983842634,5.2061489560554884e-06,55.92047514911422,191.64172339516492,704.6728821921761,274.77849469343715,2.343049690982813e-05,16.06533380752448,6.785686019684315,1.255474490516359
453.5,664.4962165989032,454.1318,664.4962119537519,1027.237649713259,4.6451513273827625e-06,1027.2376543584105,4.6451513273827625e-06,53.82976659359266,179.87935218927078,640.2800300558564,129.7217768337532,1.5524540456406122e-05,15.658816195234989,6.6357755174816635,1.232116803528837
453.4000000000001,626.4819166634138,454.0318000000001,626.4819124524282,885.595321352383,4.210985581654344e-06,885.5953255633686,4.210985581654344e-06,51.8535958551978,169.14892458346853,584.0386130629066,57.586532278766384,1.0237457011293401e-05,15.267475687896132,6.490765315753554,1.2094043309370297
453.29999999999995,499.83168965759614,453.93179999999995,499.8316858559387,790.4788700020146,3.8016574594782622e-06,790.4788738036721,3.8016574594782622e-06,49.983785562896195,159.3352432582727,534.6750245808071,24.05648266852181,6.7188572330555445e-06,14.890568964172367,6.350444700502894,1.187313547984338
453.20000000000005,485.63752789431146,453.83180000000004,485.6375244192319,721.0638196611918,3.475079530427579e-06,721.0638231362714,3.475079530427579e-06,48.212871964317806,150.33846445427056,491.1459122969973,9.458732946131509,4.388568123125355e-06,14.527397485697286,6.21461413381927,1.1658219913899868
453.0999999999999,394.0347831893896,453.7317999999999,394.0347800316139,666.1030675882744,3.1577757231446438e-06,666.1030707460501,3.1577757231446438e-06,46.53403181786589,142.07175179441495,452.5920781052527,3.499905953414671,2.8527829192988785e-06,14.177304310249601,6.083084551853009,1.1449082024405512
453.0,265.5821945875264,453.6318,265.5821916872034,619.8407554147053,2.9003229322740246e-06,619.8407583150282,2.9003229322740246e-06,44.94101783634233,134.45932959589615,418.30223788822235,1.2182686960951783,1.8455575842580507e-06,13.839671165408967,5.955676713575818,1.1245516736069556
452.9000000000001,332.8934809992302,453.5318000000001,332.8934782724322,579.3970393417061,2.726797953974744e-06,579.397042068504,2.726797953974744e-06,43.42810156281993,127.4348615138783,387.6844719260716,0.3987339974000861,1.1882127469374382e-06,13.513915758710791,5.832220596174232,1.104732798438392
452.79999999999995,298.3312427758774,453.43179999999995,298.33124026658396,543.2938999652774,2.509293410207872e-06,543.2939024745708,2.509293410207872e-06,41.9900227210735,120.94009509707831,360.2436611538872,0.12264327129814996,7.61313391027931e-07,13.199489302805505,5.7125548333148615,1.0854328245065763
452.70000000000005,289.6018140623837,453.33180000000004,289.6018117480127,510.7037184112403,2.314370996417736e-06,510.7037207256113,2.314370996417736e-06,40.62194421877846,114.92372448823527,335.5635838481373,0.03543113235004972,4.854343351983969e-07,12.895874236267453,5.596526192847758,1.0666338091896925
452.5999999999999,279.8008216873991,453.2317999999999,279.8008195622469,481.0969915579108,2.1251521800785765e-06,481.09699368306303,2.1251521800785765e-06,39.31941209670136,109.34043274059343,313.2926477603361,0.009608860699927838,3.080282440758121e-07,12.602582122630173,5.4839890908200575,1.0483185781016044
452.5,178.57103338210845,453.1318,178.57103143977136,454.08774169693504,1.9423370949527318e-06,454.08774363927216,1.9423370949527318e-06,38.0783198146821,104.15008256515216,293.132466584096,0.002445001584141502,1.9450870674588094e-07,12.319151711967482,5.3748051389563445,1.030470685988171
452.4000000000001,199.0293090922728,453.0318000000001,199.0293072666097,429.36822430389503,1.825663103533108e-06,429.36822612955814,1.825663103533108e-06,36.89487634785765,99.3170301772938,274.8286699645785,0.0005834381820371836,1.2222825370755973e-07,12.045147150834797,5.26884272299629,1.0130743799236819
452.29999999999995,206.59581526150396,452.93179999999995,206.5958135658818,406.6809719609545,1.6956221698974947e-06,406.68097365657667,1.6956221698974947e-06,35.765577637294456,94.80954159485712,258.1634746470445,0.00013050335838236992,7.643353293594061e-08,11.780156327791952,5.165976609519411,0.9961145646551797
452.20000000000005,181.09305240587355,452.83180000000004,181.0930508452361,385.8056069643349,1.56063746425617e-06,385.8056085249724,1.56063746425617e-06,34.68718099932676,90.59929449698825,242.9496503772415,2.7351253294461346e-05,4.7563296983774315e-08,11.523789342928563,5.066087579080956,0.9795767699523197
452.0999999999999,180.48946799948226,452.7317999999999,180.48946655716662,366.5514210353969,1.4423156466445499e-06,366.55142247771255,1.4423156466445499e-06,33.65668214946369,86.66095177881407,229.02559541425478,5.369001729026142e-06,2.9453140469822095e-08,11.275677090910666,4.969062083667896,0.9634471198309502
452.0,131.69511094294103,452.6318,131.69510961855283,348.75236399292476,1.3243881964760617e-06,348.752365317313,1.3243881964760617e-06,32.671294541038506,82.97179538176292,216.25129888694505,9.867711746709569e-07,1.8149266663826952e-08,11.03546994806937,4.8747919266590625,0.9477123035295204
451.9000000000001,152.79379442829668,452.5318000000001,152.79379318995487,332.2632271904532,1.2383417982828923e-06,332.263228428795,1.2383417982828923e-06,31.728430756657385,79.5114109604458,204.50501522583465,1.6974801475425363e-07,1.1128857907336085e-08,10.802836554901598,4.783173963612686,0.9323595481241715
451.79999999999995,70.6567504838913,452.43179999999995,70.65674934538127,316.9565633876021,1.13851003093263e-06,316.9565645261121,1.13851003093263e-06,30.825685723396838,76.26141555939282,193.68051296948943,2.73229997688292e-08,6.79051488580793e-09,10.577462686176093,4.69410982235486,0.9173765926785614
451.70000000000005,112.36356680091876,452.33180000000004,112.36356570857414,302.7201398219506,1.0923446202075055e-06,302.72014091429526,1.0923446202075055e-06,29.960821550893886,73.2052217880902,183.6847889684097,4.114050774061024e-09,4.122984627780301e-09,10.359050201529303,4.60750564095986,0.9027516638306313
451.5999999999999,175.47518725199234,452.2317999999999,175.47518623306334,289.45480958347423,1.018928985092961e-06,289.4548106024032,1.018928985092961e-06,29.13175381594732,70.32783305997181,174.43616135935378,5.79304019039311e-10,2.4910008688349253e-09,10.147316070077768,4.5232718223277955,0.8884734527254988
451.5,180.85130429447736,452.1318,180.8513033901996,277.07272199169785,9.042777446088081e-07,277.0727228959756,9.042777446088081e-07,28.336539138526646,67.6156653461502,165.86267214489192,7.628767895160237e-11,1.4975710265147052e-09,9.9419914631683,4.441322804175823,0.8745310932111579
451.4000000000001,48.737967839942485,452.0318000000001,48.737967053828605,265.4958113424856,7.861138793623649e-07,265.4958121285995,7.861138793623649e-07,27.573363912396346,65.05639162355429,157.9007439111883,9.39467890291337e-12,8.958751559992125e-10,9.742820909880601,4.361576843343047,0.8609141412177188
451.29999999999995,146.4919370391267,451.93179999999995,146.49193628485702,254.65451576203301,7.542696707364444e-07,254.6545165163027,7.542696707364444e-07,26.840534069701263,62.63880580041914,150.49404601232922,1.0749333501022526e-12,5.332739737771855e-10,9.5495615103945,4.283955813406399,0.8476125552481418
451.20000000000005,104.46110651773142,451.83180000000004,104.46110585917604,244.48668716011326,6.585553844861455e-07,244.48668781866866,6.585553844861455e-07,26.136465772762918,60.352703401784076,143.59253408991952,1.1648402829992273e-13,3.158608634540396e-10,9.361982202741643,4.208385014676867,0.8346166779122615
451.0999999999999,52.06560571010641,451.7317999999999,52.06560511980339,234.93666052923078,5.903030256645799e-07,234.9366611195338,5.903030256645799e-07,25.45967693854726,58.18877671352274,137.15163358396887,0.0,1.8615657035462707e-10,9.179863078847266,4.134792995717906,0.8219172184405802
451.0,68.53134576654338,451.6318,68.53134521025876,225.9544566180529,5.562846189900859e-07,225.9544571743375,5.562846189900859e-07,24.80877951199643,56.13852243049477,131.13154330760224,0.0,1.0916704476442483e-10,9.002994746130767,4.0631113855998695,0.809505236119616
450.9000000000001,164.43103611029164,451.5318000000001,164.43103559878375,217.49509664690373,5.1150789626804e-07,217.49509715841162,5.1150789626804e-07,24.182472413685904,54.1941601443206,125.49663949685946,0.0,6.370135945246123e-11,8.83117773122605,3.9932747361551177,0.7973721245929102
450.79999999999995,90.41524108268595,451.43179999999995,90.41524067861332,209.51801147777135,4.0407263684833386e-07,209.518011881844,4.0407263684833386e-07,23.57953509556962,52.348560250020604,120.21496423891125,0.0,3.698577740942068e-11,8.664221922692503,3.925220373563281,0.7855095969770949
450.70000000000005,61.0,451.33180000000004,60.99999965500249,201.98653068260623,3.449975065627264e-07,201.98653102760375,3.449975065627264e-07,22.998821645741767,50.595180055373845,115.25778500125111,0.0,2.1367599398647376e-11,8.501946049832661,3.8588882586407314,0.7739096717447731
450.5999999999999,0.0,451.2317999999999,-3.051415828902314e-07,194.86743941946472,3.051415828902314e-07,194.8674397246063,3.051415828902314e-07,22.439255389508283,48.92800704960792,110.59921427078179,0.0,1.228175193792256e-11,8.344177194970067,3.7942208552552072,0.7625646593291667
450.5,25.0,451.1318,24.999999694858417,188.13059303929495,3.0514158289024117e-07,188.13059334443653,3.0514158289024117e-07,21.899823939716946,47.3415084342412,106.2158801728172,0.0,7.023637676535209e-12,8.190750336768811,3.731163006334479,0.751467149409317
450.4000000000001,126.0,451.0318000000001,125.99999971119281,181.74858099417003,2.888071879425031e-07,181.74858128297723,2.888071879425031e-07,21.379574654176995,45.8305861425156,102.08664045931695,0.0,3.998519850039383e-12,8.041507922351792,3.669661816968811,0.740609998835893
450.29999999999995,45.0,450.93179999999995,44.999999793518164,175.69643297453254,2.0648183740586354e-07,175.69643318101438,2.0648183740586354e-07,20.87761046245578,44.39053667932125,98.19233350226679,0.0,2.262834849149744e-12,7.896299466173534,3.609666544151345,0.7299863201616112
450.20000000000005,99.0,450.83180000000004,98.99999982292007,169.95136132112663,1.7707992649992717e-07,169.95136149820655,1.7707992649992717e-07,20.39308602817704,43.017015203034646,94.5155609526903,0.0,1.2743013946408108e-12,7.754981173753316,3.551128492728358,0.7195894707416903
450.0999999999999,92.0,450.7317999999999,91.99999988760428,164.49253468354982,1.123957225068553e-07,164.49253479594555,1.123957225068553e-07,19.925204216394967,41.706003347266105,91.04049757183017,0.0,7.147503902231298e-13,7.617415588523657,3.4940009171622113,0.7094130423719838
450.0,80.0,450.6318,79.99999994771485,159.30087866715323,5.228514909915285e-08,159.30087871943837,5.228514909915285e-08,19.473212838717323,40.4537803461464,87.75272444191489,0.0,3.9968988833011025e-13,7.483471260196391,3.4382389287425417,0.6994508514352711
